id,start_char,end_char,label,text,context
AC15207455,152,185,ORG,kais. Akademie der Wissenschaften,"usson, eorresp. Mitgliede der kais. Akademie der Wissenschaften: IV. Die letzten Staufer. 

I"
AC15207455,331,338,PER,Ottokar,"schäftigt, für welche Meister Ottokar sowohl schriftliche Behelfe a"
AC15207455,845,852,PER,Ottokar,rsten und sonstigen Grossen — Ottokar nennt von den Kurfürsten Pfal
AC15207455,885,892,LOC,Sachsen,"nnt von den Kurfürsten Pfalz, Sachsen, Brandenburg, Köln und Mainz,"
AC15207455,894,905,LOC,Brandenburg,"en Kurfürsten Pfalz, Sachsen, Brandenburg, Köln und Mainz, dann noch di"
AC15207455,907,911,LOC,Köln," Pfalz, Sachsen, Brandenburg, Köln und Mainz, dann noch die Herr"
AC15207455,916,921,LOC,Mainz,"achsen, Brandenburg, Köln und Mainz, dann noch die Herren ‚in Swä"
AC15207455,1151,1161,LOC,Salzburger,"ig von ihm zu Rathe gezogenen Salzburger Annalen, ! aber die Schilderu"
AC15207455,1358,1365,PER,Ottokar," handgreiflichen Irrthum, den Ottokar in derselben begeht, indem er"
AC15207455,1606,1631,PER,Otto III. von Brandenburg," Kind der Ehe, die sein Vater Otto III. von Brandenburg im Jahre 1244 mit Beatrix, de"
AC15207455,1934,1941,LOC,Italien,"n Anjou vom Papste schon nach Italien berufen sei, noch ehe Konrad "
AC15207455,2144,2153,PER,Seemüller,"in letzter Linie, wie bereits Seemüller angemerkt hat,? auf einer Ver"
AC15207455,2511,2525,PER,Karl von Anjou,"Missverständniss und Irrthum, Karl von Anjou und Konrad IV. einander in It"
AC15207455,3815,3831,PER,Jacobus von Aqui," ganz unzweifelhaft nicht von Jacobus von Aqui verfasst, sondern aus irgend "
AC15207455,4951,4957,LOC,Verona,. 1594 wegen der Scaligeri in Verona: Et post Albertum filii et fi
AC15207455,6132,6142,LOC,Lombardiam," 

Modo venit rex Conradus in Lombardiam cum magna comitiva militum et"
AC15207455,6316,6323,LOC,Neapels,"nnos. Dann folgt die Einnahme Neapels durch Konrad, und wird des Le"
AC15207455,6828,6835,LOC,Italien," Papst beruft den Karlot nach Italien, Konrad IV. kommt dahin, er k"
AC15207455,6921,6928,LOC,Neapels,"iegt, dann folgt die Einnahme Neapels. Die Uebereinstimmung erschei"
AC15207455,7964,7971,LOC,Apulien,"abe, dass Konrad zur See nach Apulien gekommen, seiner so vielfach "
AC15207455,8494,8500,LOC,Neapel,"hifft hat.? 
Die Einnahme von Neapel Cap. I, V. 178ff. fand der Re"
AC15207455,8772,8781,PER,Seemüller," nicht zu sagen."" ’ Schon von Seemüller I, 3, Anm. 1 bemerkt. Ann. St"
AC15207455,8918,8928,LOC,Lombardiam,"o eo nunciis sollempnibus, in Lombardiam se transtulit, inde iter in A"
AC15207455,9318,9325,PER,Starzer,"Oppaviensis könnte dafür nach Starzer’s Vermuthung — s. oben $. 2, "
AC15207455,9519,9528,PER,Seemüller,"Acta imperii 295. ’ Schon von Seemüller I, 3, Anm. 1 bemerkt. Ann. St"
AC15207455,10213,10220,PER,Starzer,"Oppaviensis könnte dafür nach Starzer’s Vermuthung — s. oben $. 2, "
AC15207455,10334,10340,LOC,Neapel, Niederwerfung der Mauern von Neapel‘ selbst nach Deutschland geme
AC15207455,11264,11271,PER,Manfred,"berliefert, und meistens wird Manfred als Urheber des Mordes genann"
AC15207455,11549,11556,PER,Ottokar,"ssen Wahrscheinlichkeit, dass Ottokar den gegen Manfred vielfach er"
AC15207455,16577,16584,PER,Ruofach,"ister beigefügten Angaben von Ruofach, von Valschenbere, von der Si"
AC15207455,17371,17378,PER,Manfred,"urf, welchen der Reimchronist Manfred macht, dass er über seiner Vo"
AC15207455,17610,17617,PER,Ottokar,"ute am Hofe Manfreds, wie sie Ottokar behauptet, eine geschichtlich"
AC15207455,17997,18006,PER,Salimbene,Stütze namentlich die Angaben Salimbene’s? über -die hervorragendsten
AC15207455,19538,19553,PER,Manfred Maletta,"chkeit von Manfreds Kämmerer, Manfred Maletta! Salimbene Parm. Ausgabe $. 2"
AC15207455,20690,20697,PER,Ottokar,"her kaum wahrscheinlich, dass Ottokar hier auch nur mittelbar das W"
AC15207455,22862,22869,LOC,Italien,kehr zwischen Deutschland und Italien. Ob aber deutsche Spielleute 
AC15207455,23731,23740,PER,Seemüller,"2 In dankenswerther Weise hat Seemüller I, 6, Anm. 2 zu V. 396 ‚an de"
AC15207455,24006,24013,PER,Ottokar,"idam Peter von Aragonien, den Ottokar hier schon als König einführt"
AC15207455,24129,24135,LOC,Karlot,"chon jetzt in den Kampf gegen Karlot eingreifen zu lassen, bahnt d"
AC15207455,25125,25131,LOC,Ceeili,kan als lange si daz teten in Ceeili und in Pullen eteliche gern e
AC15207455,25139,25145,LOC,Pullen,si daz teten in Ceeili und in Pullen eteliche gern erfullen unz da
AC15207455,25209,25215,LOC,Tuskan,r Karlot gewan guoten teil in Tuskan des babsts gebot wolden in Ce
AC15207455,25243,25249,LOC,Ceeili,an des babsts gebot wolden in Ceeili und in Pullen eteliche gern e
AC15207455,25257,25263,LOC,Pullen,gebot wolden in Ceeili und in Pullen eteliche gern erfullen der ja
AC15207455,26077,26084,PER,Ottokar,"m Capitel VO, V. 493ff. setzt Ottokar die Erzählung der geschichtli"
AC15207455,26315,26321,PER,Jordan,", Acerra, indem er den Grafen Jordan (von Lancea) irrig an die Ste"
AC15207455,26810,26819,PER,Seemüller,"kars Weise, ist die schon von Seemüller gerügte Verwechselung des Tag"
AC15207455,26869,26877,LOC,Benevent,ng des Tages der Schlacht von Benevent mit dem der Schlacht von Alba
AC15207455,26903,26907,LOC,Alba,vent mit dem der Schlacht von Alba. Die Beschreibung des Kampfes
AC15207455,27182,27189,PER,Ottokar,"tige Art, mit welcher Meister Ottokar seine Verse aus dem Aermel sc"
AC15207455,29841,29849,LOC,Benevent, er als Jahr der Schlacht bei Benevent 1265 und als regierenden Paps
AC15207455,32464,32470,LOC,Verona,stlichen Erlasses und der von Verona aus angetretenen Heimreise de
AC15207455,32672,32679,PER,Ottokar,it Karl von Anjou schlägt bei Ottokar die Benützung der Salz. burge
AC15207455,33356,33363,LOC,Ottokar,"alen boten, hatte ersichtlich Ottokar nicht befriedigt, ebensowenig"
AC15207455,33855,33862,PER,Ottokar,"anderen Gelegenheiten Meister Ottokar durch den Umstand, dass er ni"
AC15207455,34452,34456,PER,wan‘," Eingeständnisses, blos ‚nach wan‘ zu sprechen, doch genug über "
AC15207455,36675,36682,PER,Ottokar, leben. kom er an si gestozen Ottokar gibt hier eine Darstellung de
AC15207455,38171,38180,PER,Konradins,"r dann die letzten Schicksale Konradins und Friedrichs von Baden, und"
AC15207455,38556,38599,PER,Bartolomeo de Neocastro Del Re Serittori II,"arstellung bei dem Sieilianer Bartolomeo de Neocastro Del Re Serittori II, 423, bei dem Catalanen d’Ese"
AC15207455,38801,38810,PER,Seemüller," Annalen beeinflusst sei, wie Seemüller vermuthet, dünkt mich nicht w"
AC15207455,39388,39397,PER,Seemüller," Annalen beeinflusst sei, wie Seemüller vermuthet, dünkt mich nicht w"
AC15207455,43956,43964,PER,Manfreds, Sp. 136. Reimchronik V. 928. Manfreds Fall. Karolus confestim toto 
AC15207455,44252,44259,LOC,Italien,hon als Gegner Konrads IV. in Italien weilt und längst vor Manfreds
AC15207455,44436,44442,LOC,Ceeili,wan guoten teil in Tuskan: in Ceeili und in Pullen eteliche gern e
AC15207455,44450,44456,LOC,Pullen,l in Tuskan: in Ceeili und in Pullen eteliche gern erfullen als la
AC15207455,44579,44585,LOC,Ceeili,: des bäbsts gebot wolden. in Ceeili und in Pullen eteliche gern e
AC15207455,44593,44599,LOC,Pullen,ebot wolden. in Ceeili und in Pullen eteliche gern erfullen I Seem
AC15207455,45082,45089,PER,Ottokar,"scheint mir die Annahme, dass Ottokar auf Ricobaldus fusst, durch f"
AC15207455,46489,46496,PER,Ottokar,"leicht entstehen konnte, wenn Ottokar, wie es ja auch in manchem an"
AC15207455,47111,47124,PER,Ricobaldus Sp,de die Rolle gewechselt haben Ricobaldus Sp. 137. Reimchronik V. 3396. Co
AC15207455,49230,49237,PER,Ottokar,en ze solhen untriwen Der von Ottokar gegen den Papst erhobene Vorw
AC15207455,50943,50948,LOC,Baden,", wie der Mund Friedrichs von Baden, da das Haupt schon vom Rumpf"
AC15207455,54083,54090,PER,Ottokar, den vom Reimchronisten wider Ottokar von Böhmen erhobenen Vorwurf 
AC15207455,54369,54377,LOC,Scurcola,"lor Konradin die Schlacht bei Scurcola, flüchtete dann nach Rom, wo "
AC15207455,54399,54402,LOC,Rom,"Scurcola, flüchtete dann nach Rom, wo er mehrere Tage verweilte"
AC15207455,54458,54465,LOC,Asturia,"ilte, und von da südlich nach Asturia, wo er nach dem Versuche, auf"
AC15207455,54956,54962,LOC,Neapel,rzer Zeit keine Botschaft von Neapel nach Prag und wieder zurück S
AC15207455,54968,54972,LOC,Prag,ine Botschaft von Neapel nach Prag und wieder zurück Selangen kö
AC15207455,55421,55433,LOC,Unteritalien,9. October eine Botschaft von Unteritalien nach Prag und von hier wieder
AC15207455,55439,55443,LOC,Prag,tschaft von Unteritalien nach Prag und von hier wieder zurückgel
AC15207455,56931,56938,PER,Ottokar,"Tage ein Brief des Papstes an Ottokar, eine Empfehlung der Johannit"
AC15207455,59080,59090,PER,Friedrichs,"des künftigen Schwiegervaters Friedrichs, gerechnet.” Und wenn hier au"
AC15207455,59914,59921,LOC,Italien,"Aber als der junge Staufer in Italien verweilte, um die angestammte"
AC15207455,60535,60544,PER,Ulanowski,". I, 555. % S.den Aufsatz von Ulanowski: ‚Neues urkundliches Material"
AC15207455,61684,61692,PER,Ottokars,"ist stets ein scharfer Gegner Ottokars,? und es erscheint mir daher "
AC15207455,63786,63802,PER,Giovanni Villani,"bert von Flandern berichten — Giovanni Villani 1. VII, Cap. 29: Al giudice c"
AC15207455,64301,64309,LOC,Flandern,"aus der Heimat des Grafen von Flandern findet sich, obwohl in ihnen "
AC15207455,65021,65030,PER,Seemüller," zwar berichtet er, wie schon Seemüller bemerkt hat, in engstem Ansch"
AC15207455,66002,66017,PER,Johannes Longus," IV, 291 gewürdigt habe, dann Johannes Longus in seiner Chronica S. Bertini"
AC15207455,66167,66174,PER,Riccard,t von ihm erwähnte Manuseript Riccard. 1836. Aber der Codex hat sic
AC15207455,66908,66923,PER,Johannes Longus," IV, 291 gewürdigt habe, dann Johannes Longus in seiner Chronica S. Bertini"
AC15207455,68135,68142,PER,Ottokar,"er Deutlichkeit, wie sehr bei Ottokar der Geschichtschreiber dem Di"
AC15207455,68646,68666,PER,Konrad von Rotenberk,einen früheren Lehrer Meister Konrad von Rotenberk konnten wir als seinen Gewähr
AC15207455,69802,69809,PER,Ottokar,hweise sich der Kreis der von Ottokar benutzten schriftlichen Quell
AC15207473,78,87,LOC,Göttingen,"Hormisda. Von Otto Günther in Göttingen. 

In der von den Zeiten der "
AC15207473,1436,1449,PER,Joseph Langen,"eihe der Briefe in der Samm-"" Joseph Langen, Gesch. der röm. Kirche von L"
AC15207473,1478,1484,PER,Leo I.,"n, Gesch. der röm. Kirche von Leo I. bis Nicolaus I., Bonn 1885. i"
AC15207473,1489,1500,PER,Nicolaus I.,"er röm. Kirche von Leo I. bis Nicolaus I., Bonn 1885. i Sitzungsber, d."
AC15207473,3562,3576,LOC,Constantinopel,ne Beilegung des Streites mit Constantinopel recht gering; hatte doch soga
AC15207473,4213,4219,LOC,Byzanz, rückte mit Heeresmacht gegen Byzanz (Theophanes p. 160 ed. de Boo
AC15207473,4479,4482,LOC,Rom,"n der Kaiser zwei Briefe nach Rom, n. 1 und n. 2:! den ersten, "
AC15207473,4619,4633,LOC,Constantinopel,"weiten, am 12. Januar 515 aus Constantinopel abgeschickten überreichte zus"
AC15207473,4702,4728,PER,Dorotheus von Thessaloniee, einem Schreiben des Bischofs Dorotheus von Thessaloniee (n. 3) schon am 28. März ein 
AC15207473,4781,4784,LOC,Rom,rz ein gewisser Patricius® in Rom. So beantwortet denn Hormisda
AC15207473,5284,5292,PER,Ennodius,", bestehend aus den Bischöfen Ennodius und Fortunatus, dem Presbyter"
AC15207473,5769,5777,LOC,Vitalian,"de). Ein Brief des Papstes an Vitalian, der ebenfalls durch die Lega"
AC15207473,5874,5888,LOC,Constantinopel,"ie es dieser Gesandtschaft in Constantinopel gegangen, können wir leider n"
AC15207473,6027,6030,LOC,Rom,ter desselben Jahres 515 nach Rom zurückgesandt und bekam hierb
AC15207473,6271,6281,PER,Theophanes,"ls die Annahme, dass das, was Theophanes von j den versammelten Bischö"
AC15207473,7212,7218,PER,Langen,"gemäss in der Darstellung bei Langen $. 259. Gegen Ende von $ 3, i"
AC15207473,7589,7594,PER,Thiel," volumt esse discordiam, wozu Thiel ‘bemerkt, statt guam ab his h"
AC15207473,8404,8418,LOC,Constantinopel,"h auf päpstlichen Befehl nach Constantinopel gezogen. Die Leute, die Anast"
AC15207473,8671,8674,LOC,Rom,"n umhertrieben, ja sogar nach Rom kamen. Vor den coneinnati ser"
AC15207473,8778,8783,PER,Thiel,"den römischen Senat in n. 12 (Thiel, p. 766). An eine Fortdauer d"
AC15207473,8885,8897,PER,Hergenröther," hinein scheint übrigens auch Hergenröther (Photius I, 144) zu denken. n"
AC15207473,9148,9154,PER,Langen,"gemäss in der Darstellung bei Langen $. 259. Gegen Ende von $ 3, i"
AC15207473,9525,9530,PER,Thiel," volumt esse discordiam, wozu Thiel ‘bemerkt, statt guam ab his h"
AC15207473,10340,10354,LOC,Constantinopel,"h auf päpstlichen Befehl nach Constantinopel gezogen. Die Leute, die Anast"
AC15207473,10607,10610,LOC,Rom,"n umhertrieben, ja sogar nach Rom kamen. Vor den coneinnati ser"
AC15207473,10714,10719,PER,Thiel,"den römischen Senat in n. 12 (Thiel, p. 766). An eine Fortdauer d"
AC15207473,10821,10833,PER,Hergenröther," hinein scheint übrigens auch Hergenröther (Photius I, 144) zu denken. >"
AC15207473,11337,11347,PER,Anastasius,"n wir besitzen, ist einer des Anastasius (n. 11), datirt Constantinope"
AC15207473,11364,11378,LOC,Constantinopel,"es Anastasius (n. 11), datirt Constantinopel den 16. Juli 516. Es ist ein "
AC15207473,11606,11609,LOC,Rom,"den Frieden dem 11. August in Rom angelangt sein, da in den Sch"
AC15207473,13239,13247,PER,Hormisda,"res erfahren wir aus dem, was Hormisda (n. 22, $. 783 Thiel) an Avit"
AC15207473,13637,13640,LOC,Rom,"anzunehmen, dem 11. August in Rom angelangt sein, da in den Sch"
AC15207473,14064,14072,PER,Hormisda,n. Zugleich mit dem Briefe an Hormisda überbrachten die beiden Hofbe
AC15207473,14127,14136,LOC,Chalcedon,Hofbeamten ein am 28. Juli in Chalcedon ausgefertigtes kaiserliches S
AC15207473,14720,14730,PER,Anastasius,sius) und n. 14 (der Senat an Anastasius):? beide gehen durch T'heopom
AC15207473,14766,14774,PER,Severian,"ide gehen durch T'heopomp und Severian zurück, also frühestens etwa "
AC15207473,14942,14945,LOC,Rom,en Falle Anfangs September in Rom eingetroffen sein können.? De
AC15207473,15132,15138,LOC,Byzanz,"a die kaiserlichen Boten nach Byzanz zurück. 
Mit diesem Briefe de"
AC15207473,15323,15345,PER,Johannes von Nicopolis,rz die Schreiben des Bischofs Johannes von Nicopolis (15) und der Synode von Epiru
AC15207473,15542,15556,LOC,Constantinopel,"zu jenen Schreiben war der in Constantinopel (vgl. Brief 16, $ 1 bei Thiel"
AC15207473,15581,15586,PER,Thiel,"nopel (vgl. Brief 16, $ 1 bei Thiel und dazu Marcellin. Com. Chro"
AC15207473,15668,15677,LOC,Altepirus,"lgte Tod des Metropoliten von Altepirus, Erzbischofs Aleison von Nieo"
AC15207473,15691,15712,PER,Aleison von Nieopolis,"en von Altepirus, Erzbischofs Aleison von Nieopolis. Die Synode von Epirus vetus "
AC15207473,15805,15814,LOC,Nieopolis,ssen Johannes zum Bischof von Nieopolis und zeigt dieses dem Papste a
AC15207473,17889,17892,LOC,Rom,6 (etwa Anfangs October) nach Rom gebracht hat; Brief 19 ist Be
AC15207473,18326,18333,PER,Rufinus,"inlich erscheint jedoch, dass Rufinus mit Brief 17 und 18 XV Kal. D"
AC15207473,19174,19183,LOC,Nieopolis, sehen. Pullios Aufenthalt in Nieopolis dauerte übrigens nicht gar la
AC15207473,19283,19286,LOC,Rom,"it Briefen von dort wieder in Rom angelangt sein, denn in einem"
AC15207473,19725,19734,LOC,Nicopolis,"$. 12. | ! { | ! } 4 il x von Nicopolis richtet (n. 23),1 spricht er "
AC15207473,20604,20618,LOC,Constantinopel,"s); 
4. einen Brief an den in Constantinopel weilenden afrikanischen Bisch"
AC15207473,20651,20660,PER,Possessor,"ilenden afrikanischen Bischof Possessor, n. 31 (data III Non. Apr.); "
AC15207473,20737,20752,LOC,Constantinopels," an die orthodoxe Bevölkerung Constantinopels, Geistliche wie Laien, n. 32 "
AC15207473,21134,21139,PER,Thiel," diesem Falle keineswegs, wie Thiel angibt, n. 27, der Brief des "
AC15207473,21180,21190,PER,Anastasius," 27, der Brief des Papstes an Anastasius vom 3. April 517, sondern n. "
AC15207473,22916,22925,PER,Timotheus, in der That so: der Brief an Timotheus passt bei Weitem mehr für den
AC15207473,23054,23068,LOC,Constantinopel,"nmal | eine Verständigung mit Constantinopel versucht, als für den if 12. "
AC15207473,23285,23294,PER,Timotheus,"n betreffen, in dem Briefe an Timotheus aber mit keinem Worte von die"
AC15207473,23781,23784,LOC,Rom, ein Diakon des Johannes nach Rom brachte! und in denen über ve
AC15207473,23878,23904,PER,Dorotheus von Thessalonice,waltthätigkeiten des Bischofs Dorotheus von Thessalonice Klage geführt wurde. In Folge
AC15207473,24002,24010,PER,Ennodius,"il: 

1. einen neuen Brief an Ennodius und Peregrinus, n. 33 (data p"
AC15207473,24240,24249,PER,Dorotheus,"e, n. 34; 4. ein Schreiben an Dorotheus, n. 36 (data pridie Id. Apr.)"
AC15207473,24341,24363,PER,Johannes von Nicopolis,"r, n. 57; 

5. einen Brief an Johannes von Nicopolis, n. 35 (data pridie Id. Apr.)"
AC15207473,26381,26395,PER,Johannes Nieop,April 517 124 (23) | Horm. an Johannes Nieop. 3. März 517 125 (10) Anastas
AC15207473,26418,26428,PER,Anastasius,s Nieop. 3. März 517 125 (10) Anastasius an per Ennodium et Hormisda F
AC15207473,26620,26630,PER,Anastasius,pril 517 127 (37). | Horm. an Anastasius | per Ennodium et 12. April 5
AC15207473,26988,26997,LOC,Nicopolis,"durch g 8 ’ 5 x i Pullio nach Nicopolis gebracht sein, da, wie wir ge"
AC15207473,27110,27113,LOC,Rom,chon vor dem 3. März 517 nach Rom zurückgekehrt war; allein war
AC15207473,27434,27443,LOC,Nicopolis,"e ein Diakon des Bischofs von Nicopolis, und diese Bemerkung gibt uns"
AC15207473,28300,28309,LOC,Nicopolis, März seine zweite Reise nach Nicopolis an und überbringt die Antwort
AC15207473,28393,28402,LOC,Nicopolis,"ge Schreiben des Bischofs von Nicopolis, das er selbst nach Rom beför"
AC15207473,28423,28426,LOC,Rom,"Nicopolis, das er selbst nach Rom befördert hat. Auffällig könn"
AC15207473,28726,28736,PER,Anastasius," 36 (an Dorotheus) und 37 (an Anastasius) am 12. April von Rom abging,"
AC15207473,28755,28758,LOC,Rom," Anastasius) am 12. April von Rom abging, sollte gar nicht selb"
AC15207473,28796,28808,LOC,Thessalonice, sollte gar nicht selbst nach Thessalonice oder gar Oonstantinopel gelan
AC15207473,28818,28832,LOC,Oonstantinopel,"st nach Thessalonice oder gar Oonstantinopel gelangen, sondern war durchau"
AC15207473,28933,28945,LOC,Thessalonice,"nus, noch ehe sie selbst nach Thessalonice kamen, einzuholen und dann ih"
AC15207473,30875,30889,LOC,Constantinopel,odius und Peregrinus erst von Constantinopel aus nach Thessalonice gehen s
AC15207473,30899,30911,LOC,Thessalonice,"t von Constantinopel aus nach Thessalonice gehen sollten, würde er dies "
AC15207473,31562,31576,LOC,Constantinopel,odius und Peregrinus erst von Constantinopel aus nach Thessalonice gehen s
AC15207473,31586,31598,LOC,Thessalonice,"t von Constantinopel aus nach Thessalonice gehen sollten, würde er dies "
AC15207473,32607,32613,LOC,Byzanz,thanen Wünsche der Synode von Byzanz ein und wird befördert durch 
AC15207473,32865,32870,PER,Thiel,"aronius und alle Neueren, wie Thiel und Langen, sagen: nach Ankun"
AC15207473,32875,32881,PER,Langen,"d alle Neueren, wie Thiel und Langen, sagen: nach Ankunft auch des"
AC15207473,33557,33566,PER,Alexander,"erbringer des ersten Briefes, Alexander, mit seinem kurzen Glückwunsc"
AC15207473,33875,33889,LOC,Constantinopel, eines fünf Wochen später aus Constantinopel abgegangenen Schreibens abgew
AC15207473,34591,34596,PER,Thiel,"m Carafa auf und mit ihm auch Thiel, der nun so interpungirt: Sum"
AC15207473,35701,35709,PER,Tancredi,"n Ausgaben, die sich noch bei Tancredi, S. Ormisda e 8. Silverio (Ro"
AC15207473,37459,37462,LOC,Rom, genaueren Informationen nach Rom abgehen werde; allein ein And
AC15207473,37889,37903,LOC,Constantinopel,"ss Gratus am 7. September aus Constantinopel abging, aber erst am 20. Dece"
AC15207473,37941,37944,LOC,Rom," aber erst am 20. December in Rom eintraf, und dass Hormisda in"
AC15207473,38433,38443,LOC,Theoderich,"orgerufen ist, den Gratus bei Theoderich abzustatten hatte. Wurde er h"
AC15207473,38580,38583,LOC,Rom,"t in Italien schon lange nach Rom gedrungen sein, während er se"
AC15207473,38748,38756,PER,Baronius,"a an Justin (n. 45) nicht mit Baronius, Thiel, Langen, Jaffe nach, s"
AC15207473,38758,38763,PER,Thiel,"n (n. 45) nicht mit Baronius, Thiel, Langen, Jaffe nach, sondern "
AC15207473,38765,38771,PER,Langen,"5) nicht mit Baronius, Thiel, Langen, Jaffe nach, sondern beträcht"
AC15207473,38773,38778,PER,Jaffe," mit Baronius, Thiel, Langen, Jaffe nach, sondern beträchtliche Z"
AC15207473,38915,38922,LOC,Italien," zu der Gratus bereits gut in Italien angekommen sein konnte. 
‚Wie"
AC15207473,39289,39295,LOC,Byzanz, denn genug. sandtschaft nach Byzanz gebeten.' In der That geht de
AC15207473,39406,39414,PER,Germanus,"t bestehend aus den Bischöfen Germanus und Johannes, dem Presbyter B"
AC15207473,39470,39475,PER,Felix,"er Blandus sowie den Diakonen Felix und Dioscorus, mit Instruetio"
AC15207473,39480,39489,PER,Dioscorus," sowie den Diakonen Felix und Dioscorus, mit Instruetion und reichlic"
AC15207473,39815,39821,PER,Langen,"unehmen ist da zunächst, dass Langen’s Annahme (S: 269), Gratus ha"
AC15207473,40066,40071,PER,Thiel," maioris ‚heisst es in n. 64, Thiel, p: 857) erfolgten Ankunft de"
AC15207473,40116,40122,LOC,Byzanz,gten Ankunft der Gesandten in Byzanz Bischof Johannes von Constant
AC15207473,40762,40768,PER,Gratus,efen als mit Sicherheit durch Gratus befördert sofort n. 46 und 47
AC15207473,41217,41223,LOC,Orient,"n dem er die Legaten nach dem Orient schiekte, einen direeten Bote"
AC15207473,41260,41274,LOC,Constantinopel,"te, einen direeten Boten nach Constantinopel gerichtet haben sollte, ohne "
AC15207473,41618,41632,LOC,Constantinopel,"ar, besondere Commissäre nach Constantinopel zu schicken. So erklärt es si"
AC15207473,42103,42113,PER,Anastasius," seinen Gesandtschaften unter Anastasius gemacht hatte, zu einem dritt"
AC15207473,42282,42294,LOC,Thessalonike, 49) und einem Schreiben nach Thessalonike (n. 55) folgende Briefe nach 
AC15207473,42324,42338,LOC,Constantinopel," (n. 55) folgende Briefe nach Constantinopel mit: 1. n. 50 an Justin, das "
AC15207473,42457,42484,PER,Johannes von Constantinopel," der Abgesandten; 2. n. 52 an Johannes von Constantinopel; 3. n. 53, Die Ungenauigkeit "
AC15207473,42710,42715,PER,Thiel,"ua subscriplum ad nos dirige (Thiel, p. 837). 2 quid igitur facer"
AC15207473,43336,43344,PER,Germanus," die Kaiserin Euphemia? durch Germanus und Genossen befördert ist, k"
AC15207473,44396,44402,LOC,Aulona,"ben an den Papst zunächst aus Aulona (vgl. n. 59, $ 1, Thiel, p. 8"
AC15207473,44421,44426,PER,Thiel," aus Aulona (vgl. n. 59, $ 1, Thiel, p. 850; der Brief selbst ist"
AC15207473,44593,44607,LOC,Constantinopel,". Am 25. März kommen sie nach Constantinopel, und dank der Bereitwilligkei"
AC15207473,44753,44758,PER,Thiel,"eria, sc. hebdomadae maioris, Thiel, p. 857) Johannes von Constan"
AC15207473,45272,45277,PER,Thiel,"terum. Es ist also nicht, wie Thiel anzunehmen scheint und Langen"
AC15207473,45689,45695,LOC,Byzanz,"er Absendung der Legaten nach Byzanz gelangt ist, so wird man sie "
AC15207473,45759,45764,PER,Thiel,er noch in den Januar als mit Thiel und Jafte in den Februar setz
AC15207473,45769,45774,PER,Jafte," den Januar als mit Thiel und Jafte in den Februar setzen, da sch"
AC15207473,45923,45930,LOC,Scampae,"chiekte Gesandte mit ihnen in Scampae zusammentreffen (vgl. n.' 59,"
AC15207473,46820,46828,PER,Johannes,chlossen. Auch an den Bischof Johannes (vgl. Brief n. 102) möchte ic
AC15207473,46887,46892,PER,Felix,ch weniger gern denken als an Felix oder Blandus (oder den nach d
AC15207473,47439,47445,LOC,Byzanz,"er Absendung der Legaten nach Byzanz gelangt ist, so wird man sie "
AC15207473,47509,47514,PER,Thiel,er noch in den Januar als mit Thiel und Jafte in den Februar setz
AC15207473,47673,47680,LOC,Scampae,"chiekte Gesandte mit ihnen in Scampae zusammentreffen (vgl. n.' 59,"
AC15207473,47724,47729,PER,Thiel,"en (vgl. n.' 59, $. 3, p. 851 Thiel). n. 59/und 60 haben sicherli"
AC15207473,48321,48329,PER,Germanus,"er der Gesandtschaft, Bischof Germanus, die beiden Berichte nicht ve"
AC15207473,48570,48578,PER,Johannes,chlossen. Auch an den Bischof Johannes (vgl. Brief n. 102) möchte ic
AC15207473,48637,48642,PER,Felix,ch weniger gern denken als an Felix oder Blandus (oder den nach d
AC15207473,48760,48774,LOC,Constantinopel,r Petrus). mit dem ersten von Constantinopel abgesandten Berichte der Lega
AC15207473,49193,49198,PER,Thiel,"vgl. besonders n. 65, $ 1 bei Thiel), mit zweifelloser Sicherheit"
AC15207473,49451,49465,LOC,Constantinopel,en Boten über die Vorgänge in Constantinopel erhielt.! Sodann wissen wir a
AC15207473,49648,49651,LOC,Rom," war, der diese Berichte nach Rom überbrachte, wissen ferner au"
AC15207473,49752,49755,LOC,Rom,"o seine Briefe am 19. Juni in Rom abgab, und würden also, auch "
AC15207473,50295,50309,LOC,Constantinopel,hannis n. 61 am 22. April aus Constantinopel abgingen. Unterwegs nahm Pull
AC15207473,50494,50499,PER,Thiel,". April ausgefertigt ist, wie Thiel und Langen wollen, sondern sp"
AC15207473,50504,50510,PER,Langen,"sgefertigt ist, wie Thiel und Langen wollen, sondern später, siche"
AC15207473,50774,50788,LOC,Constantinopel,"ist. 
Die nächste Sendung aus Constantinopel,! die wir besitzen und sicher"
AC15207473,51179,51188,PER,Justinian,"en. Ferner geht ein Brief des Justinian mit (n. 78), der ebenfalls vo"
AC15207473,51413,51418,PER,Thiel,r war ein gewisser Rulogius.? Thiel und Langen freilich führen vo
AC15207473,51423,51429,PER,Langen,gewisser Rulogius.? Thiel und Langen freilich führen vor der Sendu
AC15207473,51507,51516,PER,Dioscorus,ch einen Bericht des Diakonen Dioscorus vom 30. Mai an. Es ist dies n
AC15207473,51782,51787,PER,Thiel,"bin der Ansicht, auf die auch Thiel p. 871, Anm. 1 gekommen war, "
AC15207473,52145,52159,LOC,Constantinopel,"Erfolg des Einigungswerkes in Constantinopel empfinde, und kommt dann auf "
AC15207473,52221,52231,LOC,Antiochien,"e Verhältnisse der Kirche von Antiochien: Nunc etsi post labores, etsi"
AC15207473,55042,55045,LOC,Rom,"s waren, bereits sehr wohl in Rom angelangt und vom Papste empf"
AC15207473,55866,55880,LOC,Constantinopel,"hat sind von ihrer Ankunft in Constantinopel (25. März), die doch offenbar"
AC15207473,58015,58029,LOC,Constantinopel,das in Bezug auf etwaige nach Constantinopel zu sendende Briefe (scribatur
AC15207473,58226,58231,PER,Thiel," zu ertheilenden Antwort. 
3. Thiel hat in seiner Ausführung eine"
AC15207473,58427,58432,PER,Thiel,"heisst dort gleich zu Anfang (Thiel, p. 871): Cum dei misericordi"
AC15207473,59046,59060,LOC,Constantinopel,die der Ordnung der Kirche in Constantinopel widerstrebten (auf Antiochien
AC15207473,60220,60234,LOC,Constantinopel,29. Juni noch eine andere von Constantinopel nach Rom abgegangen ist. Wir 
AC15207473,60240,60243,LOC,Rom,ndere von Constantinopel nach Rom abgegangen ist. Wir erfahren 
AC15207473,60474,60488,LOC,Constantinopel,"aus Rom zu verweisen, muss in Constantinopel irgend etwas vorgegangen sein"
AC15207473,61439,61442,LOC,Rom,"hon vor dem 9. Juli wieder in Rom finden,? so muss er mit der S"
AC15207473,61896,61904,PER,Eulogius,"Absicht Justinians gemäss vor Eulogius in Rom eingetroffen, lässt si"
AC15207473,61908,61911,LOC,Rom,"inians gemäss vor Eulogius in Rom eingetroffen, lässt sich kaum"
AC15207473,63992,64006,LOC,Constantinopel,agende Persön-' lichkeiten in Constantinopel (vor Allen wohl Vitalian) Bri
AC15207473,64218,64221,LOC,Rom,Am 9. Juli geht er wieder von Rom ab mit der grossen Sendung n.
AC15207473,65201,65215,LOC,Constantinopel, Hormisda durch Paulinus nach Constantinopel zurücksendet: dieselben stell
AC15207473,65298,65304,PER,Pullio,r als Antworten auf die durch Pullio am 19. Juni übergebenen Schre
AC15207473,65549,65563,LOC,Constantinopel,"linus, die gegen Ende Mai aus Constantinopel abgegangen sein muss, haben w"
AC15207473,65905,65919,LOC,Constantinopel," hierin wird, wie der Lage in Constantinopel, so auch der antiochenischen "
AC15207473,66202,66205,LOC,Rom,"e der""scythischen Mönche nach Rom, Hormisdas durch Paulinus bef"
AC15207473,67536,67544,PER,Hormisda,"sind. 
Am 2. September sendet Hormisda ausser n. 90 und 91 (oder nur"
AC15207473,67608,67616,PER,Eulogius,"90, vgl. 8. 29, Anm. 1) durch Eulogius noch eine weitere Anzahl von "
AC15207473,67661,67675,LOC,Constantinopel,"ere Anzahl von Schreiben nach Constantinopel, die sämmtlich den Zweck habe"
AC15207473,67739,67745,PER,Helias,"iner Restitution der Bischöfe Helias, Thomas. und Nicostratus den "
AC15207473,67759,67770,PER,Nicostratus," Bischöfe Helias, Thomas. und Nicostratus den Weg zu bahnen. Es sind di"
AC15207473,68007,68015,PER,Johannes,"a an. seine Legaten Germanus, Johannes und Blandus) vom 3. December "
AC15207473,71840,71848,PER,Johannes," fraternitas wird der Bischof Johannes, mit dilectio der Diakon Dios"
AC15207473,71990,72000,PER,Epiphanius,en an des Johannes Nachfolger Epiphanius (n. 144) auf diesen Brief bez
AC15207473,72389,72400,PER,Nicostratus,ugleich mit 106 an Thomas und Nicostratus selbst richtet: tam ad Johann
AC15207473,72586,72594,PER,Johannes,"für, dass Brief 106 allein an Johannes gerichtet sei. Auch das muss "
AC15207473,73172,73177,PER,Thiel,"hen, so ist damit, denke ich, Thiel’s Annahme, Dioscorus sei in d"
AC15207473,74063,74074,LOC,Nicostratus," Sache des Helias, Thomas und Nicostratus angeht, so haben wir nur noch"
AC15207473,74306,74320,LOC,Constantinopel,"an den Bischof Epiphanius von Constantinopel, der wohl nach dem 26. März 5"
AC15207473,74467,74479,LOC,Thessalonice, den wohl im September 519 in Thessalonice ausgebrochenen Un-ruhen und d
AC15207473,74562,74570,PER,Johannes,"pstlichen Gesandten, Bischofs Johannes, der um die Unterzeichnung de"
AC15207473,74638,74652,LOC,Constantinopel,us fidei entgegenzunehmen von Constantinopel dorthin geschickt war. Schon 
AC15207473,75036,75039,LOC,Rom,"eiben, das am 28. November in Rom eintraf, also spätestens Ende"
AC15207473,75083,75097,LOC,Constantinopel, spätestens Ende October? aus Constantinopel abgegangen sein muss: n. 100.
AC15207473,75278,75281,PER,Leo,"er 519.1! Auf die ihnen durch Leo überbrachte Aufforderung, Näh"
AC15207473,76001,76006,PER,Thiel," Illustris nicht erkannt, und Thiel ver-z. B. n, 128, S. 940 Thie"
AC15207473,76545,76551,LOC,Afrika,"heinlich, da er offenbar nach Afrika oder geschafft haben. Dass di"
AC15207473,76727,76733,LOC,Afrika,"heinlich, da er offenbar nach Afrika oder Im Anfang dieses Schreib"
AC15207473,76840,76846,LOC,Orient,alien gehört und nicht in den Orient. den Tod eines gewissen Johan
AC15207473,76871,76879,PER,Johannes,"rient. den Tod eines gewissen Johannes, dessen Ermordung die Gesandt"
AC15207473,77228,77236,PER,Johannes,"Thiel, den Tod eines gewissen Johannes, dessen Ermordung die Gesandt"
AC15207473,78185,78193,PER,Johannes,g‘ einem vernünftigen Bischof Johannes zugelegt. Mir bleibt es unkla
AC15207473,79514,79522,PER,Eulogius,ang des Briefes zufolge durch Eulogius überbrachte) Anfrage des Paps
AC15207473,79637,79651,LOC,Constantinopel,die ihm durch den Bischof von Constantinopel (auch an diesen hatte Hormisd
AC15207473,79921,79929,PER,Eulogius,"n zugleich (wohl wieder durch Eulogius) befördert ist, (= iohem) ver"
AC15207473,80012,80015,PER,Leo,ge ante eius (d. h. des durch Leo überbrachten Schreibens) adve
AC15207473,80442,80456,LOC,Constantinopel,phanius von Thessalonice nach Constantinopel sandte und den wir noch haben
AC15207473,80967,80981,LOC,Constantinopel,weiten Hälfte des October aus Constantinopel abgegangen ist. n. 102 wird d
AC15207473,81046,81058,LOC,Thessalonice,h vielmehr Anfang October von Thessalonice nach Constantinopel befördert
AC15207473,81064,81078,LOC,Constantinopel,"October von Thessalonice nach Constantinopel befördert sein.? 
Ich handele"
AC15207473,81360,81381,ORG,Erıpävios rpeoßbrepog,rauf ereilte ihn der Tod und ’Erıpävios rpeoßbrepog ing alıns Euuınalas nal obyae
AC15207473,82044,82058,LOC,Constantinopel," nachdem sie über ein Jahr in Constantinopel geweilt, den kaiserlichen Hof"
AC15207473,82104,82107,LOC,Rom,iserlichen Hof und kehrt nach Rom zurück. Die Zeit ihrer Abreis
AC15207473,82730,82744,LOC,Constantinopel,"uch n. 121 am 9. Juli 520 aus Constantinopel abgegangen. Das Schreiben 

b"
AC15207473,84441,84446,PER,Thiel,s geschrieben ist. ! Vgl. bei Thiel die Monita praevia zu n. 120 
AC15207473,86054,86068,LOC,Constantinopel,"am, ‚dass Boten zur Reise von Constantinopel nach Rom oder umgekehrt über "
AC15207473,86074,86077,LOC,Rom,Reise von Constantinopel nach Rom oder umgekehrt über zwei Mona
AC15207473,86279,86282,LOC,Rom," besondere Gesandtschaft nach Rom zu senden, sich auf paginalia"
AC15207473,86340,86345,PER,Thiel,"ia .. ex occasione colloguia (Thiel, p-914) beschränkt habe. Dies"
AC15207473,86484,86490,LOC,Orient,tlichen Gesandtschaft aus dem Orient nach Rom. Trotzdem aber will 
AC15207473,87181,87184,LOC,Rom,"ten Brief des Epiphanius nach Rom brachten, konnte der Papst mü"
AC15207473,88241,88255,LOC,Constantinopel,"olis und einigen Anderen, von Constantinopel ab, um — jetzt in aller Form "
AC15207473,88624,88638,LOC,Constantinopel,"reits wieder zwischen Rom und Constantinopel hergestellt hatten, weiter ni"
AC15207473,88996,89002,LOC,Thomas,"te Sache der Bischöfe Helias, Thomas und Nicostratus und ist mit S"
AC15207473,89007,89018,LOC,Nicostratus,"r Bischöfe Helias, Thomas und Nicostratus und ist mit Sicherheit nicht "
AC15207473,89823,89837,LOC,Constantinopel, n. 136 setzt der Bischof von Constantinopel dem Papst zunächst die grosse
AC15207473,91623,91626,LOC,Rom,", wo Justin einen Boten! nach Rom schickt, der auch die Bittsch"
AC15207473,91679,91692,PER,Justin (Thiel,"Bittschrift der Orientalen an Justin (Thiel, p. 944) dem Papst zu überrei"
AC15207473,92516,92524,PER,Hormisda,"res Schreiben des Johannes an Hormisda haben (n. 109), kommt nicht i"
AC15207473,93247,93250,LOC,Rom,ass er am 3. December 519 von Rom nach Constantinopel abgegange
AC15207473,93256,93270,LOC,Constantinopel, 3. December 519 von Rom nach Constantinopel abgegangen war. Auf diesen Te
AC15207473,93431,93445,LOC,Constantinopel," die etwa Ende Januar 520 aus Constantinopel abgegangen sein wird, ist n. "
AC15207473,94018,94024,PER,Carafa,ten ‚Codex vetustus‘ auch von Carafa benützt. Was der Ottobon. in 
AC15207473,94309,94317,PER,Johannes,. 136 den Namen des Absenders Johannes aus; in der Adresse von 136 w
AC15207473,94786,94791,PER,Thiel,"iben n, 108, 109 und 136 nach Thiel’s Zählung in der Avellana als"
AC15207473,95334,95339,PER,Thiel,"iben n, 108, 109 und 136 nach Thiel’s Zählung in der Avellana als"
AC15207473,96684,96705,PER,Johannes Pullio Antw.,S. 14 — | 3. März Hormisda an Johannes Pullio Antw. auf I 23 | 124 Nicop. — März 
AC15207473,96737,96751,PER,Johannes Nicop,uf I 23 | 124 Nicop. — März ? Johannes Nicop. an Hormisda TORE en nisehase
AC15207473,96862,96872,PER,Anastasius,II — | 3. April | Hormisda an Anastasius 27 | 126 —_ — Hormisda an Tim
AC15207473,97120,97134,LOC,Constantinopel, die Ortho-32. | 132 doxen in Constantinopel — | 12. April | Hermisda an E
AC15207473,97321,97344,PER,Johannes Johannes Antw.,heus 36 | 133 — = Hormisda an Johannes Johannes Antw. auf II | 35 | 123 Nicop. diac
AC15207473,97702,97718,PER,Justin Alexander,V — | Oct./Nov. | Hormisda an Justin Alexander | Antw. aufn.41| 45 | 142 — |
AC15207473,98086,98101,PER,Justinian Antw., | 519:| Mitte/ | Hormisda an Justinian Antw. auf n.44| 48 | 148 Ende Jan. 
AC15207473,98219,98224,LOC,Celer, 52 | 150 CP == = Hormisda an Celer 54 | 152 —_— — Hormisda an d.
AC15207473,98562,98588,PER,Justinian Antw. aut V | 57,te. — |EndeJan./| Hormisda an Justinian Antw. aut V | 57 | 154 Anf. Febr. ? | FR — Hor
AC15207473,98627,98639,PER,Joh. CP Antw,f. Febr. ? | FR — Hormisda an Joh. CP Antw. auf VI | 58 | 151 = Febr. Ge
AC15207473,98697,98703,LOC,Aulona,"Germanus etc. an Hormisda aus Aulona, v.$.22 — | Fbr./März | Germa"
AC15207473,99377,99385,PER,Germanns,"a — | 25. April | Hormisda an Germanns ? 72 | 219 

8 3 =} 2 Er Datu"
AC15207473,100076,100084,PER,Johannes,stin 79 | 168 = = Hormisda an Johannes 80 | 169 CP u En Hormisda an 
AC15207473,100221,100230,PER,Anastasia,inus 83 | 174 = = Hormisda an Anastasia 84 180 a En Hormisda an Julia
AC15207473,100255,100262,PER,Juliana,tasia 84 180 a En Hormisda an Juliana s5| 179 n— = Hormisda an Grat
AC15207473,100288,100294,PER,Gratus,iana s5| 179 n— = Hormisda an Gratus 86 | 178 I = Hormisda an Germ
AC15207473,100320,100328,PER,Germanus,atus 86 | 178 I = Hormisda an Germanus 87 | 170 etc. — | Anf. Juli |
AC15207473,100436,100445,PER,Justinian,is — | 2. Sept. | Hormisda an Justinian 91 | 189 — = Hormisda an Just
AC15207473,100471,100480,PER,Justinian,nian 91 | 189 — = Hormisda an Justinian 90 | 190 — — Hormisda an Heli
AC15207473,100506,100512,PER,Helias,nian 90 | 190 — — Hormisda an Helias etc. 92 | 210 n— E Hormisda a
AC15207473,100683,100691,PER,Germanus,an Justinians 96 | 211 Bruder Germanus = = Hormisda an die Gesandten
AC15207473,100808,100817,LOC,Thessalon, | Johannes u. Epiphanius von Thessalon. | 102 | 186 an dieübrigen Ge
AC15207473,101068,101081,PER,Eulogius —_ —,an Hormisda i 98| 224 283 . h Eulogius —_ —_ Justinian an Hormisda 99 | 1
AC15207506,67,100,ORG,kais. Akademie der Wissenschaften,"ldeke, corresp. Mitgliede der kais. Akademie der Wissenschaften. I. Untersuchungen zum persis"
AC15207506,775,783,PER,Firdausi,"rform. Ich zähle 13 Fälle bei Firdausi und 15 bei Dagigqt, in denen "
AC15207506,795,802,PER,Dagigqt,"Fälle bei Firdausi und 15 bei Dagigqt, in denen >) sicher auf ör re"
AC15207506,1646,1653,PER,Schefer,"r 1.19, 2; Wis u Rämin 297,35 Schefer, Chrest. 1, 221, 14 u. s.w.) "
AC15207506,3522,3526,LOC,Haus,"als einzig Ueberlebenden nach Haus. 
Diese Erzählung stimmt, abg"
AC15207506,7159,7171,PER,Ibn @Qotaiba,"ltesten und besten Autorität, Ibn @Qotaiba, Adab al-kätib 50, 4 v. u. is"
AC15207506,8172,8179,LOC,Pariser,"es Schahn. hat dafür 300, die Pariser nennt würde wohl noch einiges"
AC15207506,10556,10562,PER,Rustem, des feindlichen Landes durch Rustem abgeschlossen (Schahn. 705f.)
AC15207506,10929,10935,PER,Tabari,ch schon im Zusammenhang: bei Tabari reflectiert wird. Da heisst e
AC15207506,11963,11970,LOC,Bistäsp,"der Gesandte mit dem Brief zu Bistäsp kam, versammelte dieser die S"
AC15207506,12434,12440,PER,Nastür,"nen Bruder Zarer, dessen Sohn Nastür, seine Söhne Isfendijär? und "
AC15207506,12454,12464,PER,Isfendijär,"ssen Sohn Nastür, seine Söhne Isfendijär? und Pesötan und alle anderen"
AC15207506,12470,12477,PER,Pesötan,", seine Söhne Isfendijär? und Pesötan und alle anderen Abkömmlinge "
AC15207506,12550,12558,PER,Göhormuz,Charzäsp dagegen seine Brüder Göhormuz und: Andarmän und seine ‚ande
AC15207506,21292,21298,LOC,Indien,"achweist, dass früher auch in Indien die Erzählung prosaisch und e"
AC15207506,22329,22337,PER,Firdaust," auch verschiedene Theile von Firdaust’s Werk, an dem er über 30 Jah"
AC15207506,23314,23322,PER,Firdaust,er Wörter bei Dagigqi wie bei Firdaust ist nicht etwa eine persönlic
AC15207506,23610,23618,PER,Firdausi,"n wenigen lyrischen Gedichten Firdausi’s, die wir mit einiger Sicher"
AC15207506,23691,23698,PER,Rückert," ansehen dürfen.? 
Hätte aber Rückert, der gewiss von allen Europäe"
AC15207506,26208,26216,PER,Firdaust,f. elf(!) Zweikämpfe 1535ff.  Firdaust hätte das Zusammentreffen des
AC15207506,26372,26380,PER,Firdausi,"chaulichkeit: ist ja auch bei Firdausi selten,! aber Dagigi dürfte d"
AC15207506,26805,26813,PER,Firdausi,ig weit häufiger. vor als bei Firdausi; auch für „;$ ‚auserwählt‘ ha
AC15207506,28517,28526,PER,Firdausit,"wenn gleich weit seltner, bei Firdausit (1142, 20. 1288, 317 P und ei"
AC15207506,28655,28663,PER,Firdaust,"v. 552 und 787; aber auch bei Firdaust 1575, 1362. Wie in diesen Fäl"
AC15207506,29510,29518,LOC,Londoner," die Beschaffenheit der alten Londoner Handschrift wissen, kann von "
AC15207506,33289,33296,PER,Schefer,", v. 30ab). In der Stelle bei Schefer, Nassiri Khosrau 301, 6 v. u."
AC15207506,33298,33305,PER,Nassiri,"). In der Stelle bei Schefer, Nassiri Khosrau 301, 6 v. u. ist > es"
AC15207506,33306,33313,PER,Khosrau,"r Stelle bei Schefer, Nassiri Khosrau 301, 6 v. u. ist > es für co "
AC15207506,33471,33482,LOC,Wis u Rämin,50 kommt «s» zwei Mal vor. In Wis u Rämin ist | „. häufig. Die Strassbu
AC15207506,34506,34513,PER,Smaragd,"hfiguren waren zur Hälfte von Smaragd (nyamns),? zur Hälfte von Rub"
AC15207506,34540,34545,PER,Rubin,"agd (nyamns),? zur Hälfte von Rubin (mo »s>w). Wenn die Iränier, "
AC15207506,36392,36398,LOC,Indien,thr mit dem neuen Spiele nach Indien. Da nun keiner der indischen 
AC15207506,36589,36593,PER,Fird,"rechen. So auch Salemann. Bei Fird. es>,j9 Das „, wenn er wirkli"
AC15207506,40696,40709,PER,Ibn Challikän,"s ole& oder wohl genauer, wie Ibn Challikän a. a. O. hat, .\,4%° sieht nä"
AC15207506,42586,42594,PER,Firdaust,schon in der nächsten Vorlage Firdaust’s ausgelassen war. Wie diese 
AC15207506,44380,44393,PER,Ibn Challikän,aus der Zeit Ma’mün’s und bei Ibn Challikän a. a. ©. So wird auch Mas‘üdi
AC15207506,44586,44594,PER,Firdausi,"’s zur Belohnung bekommt, bei Firdausi einen Becher voll von Edelste"
AC15207506,44681,44688,PER,Chosrau,"ngen, wie dass im Schachbuche Chosrau zur Lösung drei Tage Frist ‚v"
AC15207506,45274,45286,PER,Gildemeister,"ngs haben auch die beiden von Gildemeister, Scriptorum arab. de rebus in"
AC15207506,46136,46153,ORG,Treftlich Ardas6r,nAnım N&w Arda$er? den Sinn: ‚Treftlich Ardas6r‘. Das soll natürlich die ursp
AC15207506,48291,48298,LOC,Kangdiz,"e erste Hälfte schliesst, und Kangdiz, das zuletzt genommen wird, i"
AC15207506,48488,48492,LOC,Noth,er auf beiden durch Schnee in Noth gerathen. Dass dieser durch d
AC15207506,50633,50639,PER,Achill,"efährten etwa so überragt wie Achill seine, bald ein übermenschlic"
AC15207506,52261,52265,LOC,Iran,in. Die Feinde überschwemmten Iran. Das Reich aber ward durch Sö
AC15207506,53866,53869,PER,Tös,"uchtung, welche im Ganzen auf Tös fällt, der doch Sohn des Köni"
AC15207506,54456,54465,PER,Rawlinson,"nschrift Teörodpog, was schon Rawlinson als Sohn des G&w (* @öwaputhr"
AC15207506,54511,54532,PER,Journ. R. Geogr. Soc.,"w (* @öwaputhra) erklärt hat (Journ. R. Geogr. Soc. 1839, 114ff.), und auf einer "
AC15207506,54574,54583,LOC,Olshausen,".), und auf einer Münze, nach Olshausen’s Lesung und Deutung, entspre"
AC15207506,56851,56857,LOC,Tabari,"agartiern erwähnt (7, 85) und Tabari als türkische Waffe bezeichne"
AC15207506,58370,58378,PER,Firdausi,"en zusammenzustellen. So, wie Firdausi sein Gedicht dem Mahmüd vorle"
AC15207506,58488,58496,LOC,Londoner,", aber nach dem Schluss eines Londoner Exemplars, den Schefer in sei"
AC15207506,58512,58519,PER,Schefer,"eines Londoner Exemplars, den Schefer in seiner Ausgabe von Näsiri "
AC15207506,58542,58556,PER,Näsiri Chosrau,Schefer in seiner Ausgabe von Näsiri Chosrau’s Reisebuch (S. 301£.) vollst
AC15207506,62563,62568,LOC,Asien,"he aufgenommen waren, ehe sie Asien erreicht hatten. Den aramäisc"
AC15207506,65194,65201,LOC,Schefer,"ee 39) ‚Dienstag‘ Firdausi in Schefer’s Näsiri Chosrau 301, 4 = nv,"
AC15207506,66041,66046,PER,Justi,"itt‘ (gegen 10 Secunden)! hat Justi, Kurd. Gramm. XIV riva& erkan"
AC15207506,66898,66906,PER,‘ Schahn,"icht. 
send (sipör?) ‚Trompete‘ Schahn. 1329, 1116. 1605, 18621 — ""»"
AC15207506,67189,67193,PER,Efr.,"g in ZDMG 29, 113 v. 145; bei Efr. 3, 317 E ‚Schreckbild‘. Auch "
AC15207506,68036,68044,PER,Hoffmann,". Hudh. 256, 22)! = jaus} BB; Hoffmann, Op. Nest. 95, 4 (als Erkläru"
AC15207506,70288,70293,PER,Kluge,sıs Strabo 824 und zu den von Kluge unter ‚Kuchen‘ zusammengestel
AC15207506,70845,70853,PER,Fraenkel,"9. Weniger wahrscheinlich ist Fraenkel’s Ansicht (S. 259), dass das "
AC15207506,71601,71607,PER,Thiere," beruht auf Dissimilation.! 

Thiere: 94% ‚Reitcameel‘, nicht selt"
AC15207506,71614,71624,ORG,Reitcameel,"issimilation.! 

Thiere: 94% ‚Reitcameel‘, nicht selten im Schahn. und"
AC15207506,72926,72934,PER,Muwaffag,". S. Löw 265. 
>,» (öfter bei Muwaffag, Wis u. R. u. s. w.) = piproe"
AC15207506,73133,73138,PER,Jarus,"aXı, Muwaffag 116, 3 = teius, Jarus (ZDMG 29, 295), Tpnoa ristaxi"
AC15207506,75120,75128,PER,Buxtorff,"ebenformen)? d. i., wie schon Buxtorff gesehn hat, oupıxöv Plin. 35,"
